time,n_contacts,n_skeleton,full_solve_time_ms,hier_solve_time_ms,force_error_rel,force_error_abs,accel_error_rel,accel_error_abs,obj_pos_error_mm,obj_rot_error_deg,hier_n_iterations,hier_residual_norm,hier_converged
0.0,7,6,0.21989999999999998,0.266,0.09415232518677756,0.06723178677069407,0.1425990341021694,2.471225674357634e-10,0.0,0.0,1,4.245613704045127e-06,True
0.002,7,6,0.2031,0.22810000000000002,0.11097037286439412,2.25316125058138,1.693765088675055e-09,1.7616149393647767e-05,8.254142829481648,29.496688158852457,1,8.136501353882083e-05,True
0.006,7,6,0.2314,0.19799999999999998,0.3158789160587131,11.071572210941186,5.983148720943216e-07,1.4369032136091193e-06,0.23544000000000342,0.0,1,0.0006321205816812283,True
0.006,7,6,0.1955,0.1726,0.2085399977399432,9.030717270585399,1.0885463325048892e-06,2.6142370060329073e-06,0.23544000000000342,0.0,1,0.00405690995008719,True
0.006,7,6,0.2072,0.1854,0.2586155324086844,13.381252830315411,2.217498867348449e-06,5.325513599609608e-06,0.23544000000000342,0.0,1,0.000704963576422768,True
0.006,7,6,0.2078,0.2772,0.132505289184896,8.015792541292516,2.115523384750478e-06,5.080611380425375e-06,0.23544000000000342,0.0,1,0.0036970071798923623,True
0.006,7,6,0.2245,0.1829,0.12265081975348498,8.472481824118441,1.7289265821116258e-06,4.152165897517109e-06,0.23544000000000342,0.0,1,0.009175650811989858,True
0.006,7,6,0.20170000000000002,0.1775,0.14780178897803134,11.46469700085816,5.928215253962515e-06,1.4237118790214352e-05,0.23544000000000342,0.0,1,0.0027195175515424886,True
0.006,7,6,0.20849999999999996,0.8865000000000001,0.12860749273321775,11.068038578010167,4.391793023639041e-06,1.0547268693367836e-05,0.23544000000000342,0.0,5,0.012420136505487775,False
0.006,7,6,0.2075,0.17809999999999998,0.12275160105168365,11.59796988366687,1.7977095186414021e-06,4.317354109346998e-06,0.23544000000000342,0.0,1,0.0093321981372663,True
0.006,7,6,0.15949999999999998,0.1492,0.12369802875203957,12.724403920446287,1.972169233588287e-06,4.736334154577297e-06,0.23544000000000342,0.0,1,0.008192403595992484,True
0.006,7,6,0.1839,0.1644,0.12120183528213657,13.478207483249799,2.3145544525965045e-06,5.558601726414865e-06,0.23544000000000342,0.0,1,0.007641996367063854,True
0.006,7,6,0.1968,0.1813,0.11873078503793799,14.170000151192744,2.115809963709338e-06,5.08129795391143e-06,0.23544000000000342,0.0,1,0.007480907139239586,True
0.006,7,6,0.1723,0.14579999999999999,0.11629102855568882,14.807455778749619,1.6140537382349166e-06,3.876286767102866e-06,0.23544000000000342,0.0,1,0.007311913049725934,True
0.006,7,6,0.159,0.1789,0.11258412924697592,15.226455169510881,1.4294894265417796e-06,3.4330388803095677e-06,0.23544000000000342,0.0,1,0.007624917827175602,True
0.006,7,6,0.1595,0.1419,0.10866217578063385,15.555391707204128,1.537582029301906e-06,3.692632244346631e-06,0.23544000000000342,0.0,1,0.007728277045729153,True
0.006,7,6,0.17049999999999998,0.1406,0.10452051323900743,15.788364487703346,1.362846702359269e-06,3.2729906766756027e-06,0.23544000000000342,0.0,1,0.007838210165566652,True
0.006,7,6,0.1605,0.1494,0.100601531137945,15.993302944022268,1.0006026962939232e-06,2.40303103080182e-06,0.23544000000000342,0.0,1,0.007901967726423752,True
0.006,7,6,0.1626,0.1417,0.0961134995664412,16.036082468149214,8.90039435999114e-07,2.137503892864349e-06,0.23544000000000342,0.0,1,0.007962304243606862,True
0.006,7,6,0.16440000000000002,0.1442,0.09177959445932991,16.02514771947449,8.676475715184326e-07,2.083727900020727e-06,0.23544000000000342,0.0,1,0.0080680670312463,True
0.006,7,6,0.1607,0.1441,0.08783988843552427,16.009356518500805,8.20625671601466e-07,1.9708008333153307e-06,0.23544000000000342,0.0,1,0.008122599936562187,True
0.006,7,6,0.1561,0.6732,0.3011490438158005,57.18134904832558,9.826277901690274e-06,2.3598623576824905e-05,0.23544000000000342,0.0,5,0.03620002469592963,False
0.006,7,6,0.16119999999999998,0.6644,0.25100025650635716,49.56398626776143,2.761773435955933e-06,6.6326284820316735e-06,0.23544000000000342,0.0,5,0.01837402421796502,False
0.006,7,6,0.1648,0.776,0.20483941008678042,41.99451531620177,3.2923151153500445e-06,7.906768346065673e-06,0.23544000000000342,0.0,5,0.01328002512054343,False
0.006,7,6,0.1959,0.8545,0.16883942357798962,35.88023882243171,3.2158997316798765e-06,7.72325036734998e-06,0.23544000000000342,0.0,5,0.012973213469590492,False
0.006,7,6,0.20140000000000002,0.8770999999999999,0.14672656151197408,32.274441099266255,2.267881891274674e-06,5.446506729707669e-06,0.23544000000000342,0.0,5,0.012397644959349259,False
0.006,7,6,0.2015,0.4073,0.12013047470848084,27.313670011297514,2.875220731817354e-06,6.9050813989414575e-06,0.23544000000000342,0.0,2,0.000658996885544265,True
0.006,7,6,0.1989,0.34469999999999995,0.11325197404405295,26.581064202722253,1.0861835353267927e-06,2.608559978940063e-06,0.23544000000000342,0.0,2,0.00926964814692979,True
0.006,7,6,0.2852,0.33490000000000003,0.10564755241276078,25.56733810143352,1.442425982855438e-06,3.464105801856197e-06,0.23544000000000342,0.0,2,0.009980449605831498,True
0.006,7,6,0.17240000000000003,0.2923,0.09817495059171773,24.471703125433095,1.6895649748919624e-06,4.0576306139287774e-06,0.23544000000000342,0.0,2,0.00995404770980813,True
0.006,7,6,0.1772,0.3038,0.09101190088608402,23.343607079509674,1.7615195204527474e-06,4.230435428547503e-06,0.23544000000000342,0.0,2,0.009951639846030405,True
0.006,7,6,0.1839,0.40640000000000004,0.08438415755329884,22.250148281146675,1.7945372726216013e-06,4.309730301570785e-06,0.23544000000000342,0.0,2,0.009908080966707151,True
0.006,7,6,0.1804,0.2868,0.07835158472163174,21.219858367582766,1.8049834735750555e-06,4.3348177208291355e-06,0.23544000000000342,0.0,2,0.009882989385374137,True
0.006,7,6,0.16010000000000002,0.31610000000000005,0.07306109508700921,20.307029837401874,1.769616369356981e-06,4.249880687767183e-06,0.23544000000000342,0.0,2,0.00988124659486784,True
0.006,7,6,0.15109999999999998,0.2644,0.06886615848478148,19.628823816799883,1.3350886262378712e-06,3.206326228236705e-06,0.23544000000000342,0.0,2,0.009873840744961497,True
0.006,7,6,0.1672,0.2743,0.0654219453470399,19.108259766830646,9.888150149626784e-07,2.3747213923645316e-06,0.23544000000000342,0.0,2,0.009605203983207343,True
0.006,7,6,0.1589,0.2765,0.06255429926291982,18.70947655430172,7.762761739571897e-07,1.8642917142820415e-06,0.23544000000000342,0.0,2,0.009285405145784114,True
0.006,7,6,0.15999999999999998,0.2763,0.060131396413575816,18.40432230315915,6.856912310597939e-07,1.646744456415152e-06,0.23544000000000342,0.0,2,0.009062511281454655,True
0.006,7,6,0.2175,0.2814,0.058019720412573896,18.160595035782503,6.646201907782832e-07,1.596140609467545e-06,0.23544000000000342,0.0,2,0.008884357109787211,True
0.006,7,6,0.1552,0.2808,0.05613596486464813,17.95838160183564,6.766265502503961e-07,1.624974886178027e-06,0.23544000000000342,0.0,2,0.008718209455606217,True
0.006,7,6,0.15749999999999997,0.28509999999999996,0.05442102383223596,17.78331272869822,7.052504601442839e-07,1.6937175915521585e-06,0.23544000000000342,0.0,2,0.008587006493337483,True
0.006,7,6,0.154,0.2807,0.05282115333361252,17.62114088441635,7.311886866632617e-07,1.7560104056703192e-06,0.23544000000000342,0.0,2,0.008519282403313289,True
0.006,7,6,0.1621,0.27690000000000003,0.051339216532831626,17.475388198746458,7.608228863947289e-07,1.8271794072332534e-06,0.23544000000000342,0.0,2,0.008473541872500063,True
0.006,7,6,0.1478,0.2683,0.049956259483176606,17.34205332767491,7.917527196805496e-07,1.9014599810968789e-06,0.23544000000000342,0.0,2,0.00844769665607647,True
0.006,7,6,0.1486,0.2773,0.04865919077064486,17.218670845450937,8.151105824883068e-07,1.957555839121834e-06,0.23544000000000342,0.0,2,0.008435715912490508,True
0.006,7,6,0.14770000000000003,0.26699999999999996,0.047442077287965435,17.10498520383854,8.370512527297554e-07,2.0102481920621258e-06,0.23544000000000342,0.0,2,0.008428416915958654,True
0.006,7,6,0.1539,0.2762,0.04629724964893283,16.999931275011818,8.566512389906992e-07,2.057319198014747e-06,0.23544000000000342,0.0,2,0.008422658341357197,True
0.006,7,6,0.1547,0.2776,0.04521857259864614,16.902781268379172,8.749233150834301e-07,2.101201114099069e-06,0.23544000000000342,0.0,2,0.008418319248714995,True
0.006,7,6,0.156,0.3202,0.044200870277618515,16.812994499708235,8.91856111423622e-07,2.1418666366412957e-06,0.23544000000000342,0.0,2,0.008414934932872023,True
0.006,7,6,0.1582,0.27340000000000003,0.04323964693549766,16.73016597396983,9.071526081709175e-07,2.178602449490512e-06,0.23544000000000342,0.0,2,0.008411779568134074,True
0.006,7,6,0.1589,0.2767,0.04233066105932604,16.653844548386445,9.20545286082899e-07,2.2107660831949916e-06,0.23544000000000342,0.0,2,0.008405101235705667,True
0.006,7,6,0.17020000000000002,0.27080000000000004,0.041470326975278214,16.583722097848447,9.33170193605307e-07,2.241085852574534e-06,0.23544000000000342,0.0,2,0.008399570356254698,True
0.006,7,6,0.1597,0.26809999999999995,0.040655453954382775,16.51954782207477,9.450058796699443e-07,2.2695102410230273e-06,0.23544000000000342,0.0,2,0.008394575530141187,True
0.006,7,6,0.14889999999999998,0.2669,0.039882982433592555,16.461030286156568,9.559753246167906e-07,2.2958542794282054e-06,0.23544000000000342,0.0,2,0.00838827000748451,True
0.006,7,6,0.153,0.2719,0.03915012605152853,16.407904285416503,9.66332131945296e-07,2.320727017701672e-06,0.23544000000000342,0.0,2,0.00838131580434986,True
0.006,7,6,0.1556,0.3455,0.03845425940500917,16.359893014987076,9.76451395572266e-07,2.3450292750866955e-06,0.23544000000000342,0.0,2,0.008375424626659073,True
0.006,7,6,0.1638,0.28890000000000005,0.037794269746435745,16.317298117335056,9.844382292508345e-07,2.3642103242256326e-06,0.23544000000000342,0.0,2,0.00835340059622163,True
0.006,7,6,0.16150000000000003,0.27599999999999997,0.037167217203447664,16.279584514330395,9.914060445010076e-07,2.380944115815871e-06,0.23544000000000342,0.0,2,0.008323329200564899,True
0.006,7,6,0.1584,0.6912,0.21813449521862552,96.90530466415144,3.444702744897139e-05,8.272740305147191e-05,0.23544000000000342,0.0,5,0.041682431658773056,False
0.006,7,6,0.19729999999999998,0.7599999999999999,0.18898537936778892,85.1283733020144,4.660373886245222e-06,1.1192275733764875e-05,0.23544000000000342,0.0,5,0.03076935032884405,False
0.006,7,6,0.19290000000000002,0.7425000000000002,0.16574624237588415,75.68321773498533,6.578452495184395e-06,1.5798701162498336e-05,0.23544000000000342,0.0,5,0.028881610380630657,False
0.006,7,6,0.1608,0.6987,0.14875626826806757,68.83850797852062,1.8985453389284562e-06,4.5595146455126495e-06,0.23544000000000342,0.0,5,0.02221996365904815,False
0.006,7,6,0.2363,0.8052,0.1344132094848409,63.02203200024742,4.086548225257421e-06,9.814185696561746e-06,0.23544000000000342,0.0,5,0.02076154777325519,False
0.006,7,6,0.2141,0.8735,0.12255346472234152,58.20598617629028,4.721531571138e-06,1.133915106930465e-05,0.23544000000000342,0.0,5,0.020328498579442716,False
0.006,7,6,0.2026,0.9346,0.11351490997974968,54.59930057082698,2.266913882004079e-06,5.444182384157099e-06,0.23544000000000342,0.0,5,0.012650154978500937,False
0.006,7,6,0.19300000000000003,0.8605,0.10905836755732225,53.111520380311724,1.157813390841331e-06,2.7805852369294394e-06,0.23544000000000342,0.0,5,0.01017975278395886,False
0.006,7,6,0.1671,0.7284,0.2702548000268025,133.23096249868564,2.4570633701604426e-05,5.900842220953974e-05,0.23544000000000342,0.0,5,0.04966232099946891,False
0.006,7,6,0.1807,0.7718999999999999,0.24239142773835562,120.93724034028759,3.9087143507058445e-06,9.387102903152316e-06,0.23544000000000342,0.0,5,0.030849704832517387,False
0.006,7,6,0.1915,0.8646,0.21891367727038077,110.51941506662611,4.2404667620754975e-06,1.0183833946937801e-05,0.23544000000000342,0.0,5,0.025130138625336945,False
0.006,7,6,0.2001,0.8308,0.19765389840627942,100.95047586736464,2.480712086196801e-06,5.957636599656721e-06,0.23544000000000342,0.0,5,0.019557445554397604,False
0.006,7,6,0.19529999999999997,0.9063,0.18038351582088014,93.18671387991692,4.804720226706589e-06,1.1538935639387631e-05,0.23544000000000342,0.0,5,0.01326938060589818,False
0.006,7,6,0.20850000000000002,0.8236,0.1642131789184696,85.79036525197765,4.32160977557032e-06,1.0378705680242908e-05,0.23544000000000342,0.0,5,0.012321275653095218,False
0.006,7,6,0.1581,0.6966,0.14915252811056903,78.78724618925658,3.6892324890355824e-06,8.859998985691925e-06,0.23544000000000342,0.0,5,0.012123616568029983,False
0.006,7,6,0.1513,0.6739,0.1352632534568388,72.23098041717411,3.5132985221520672e-06,8.437478924529069e-06,0.23544000000000342,0.0,5,0.01230774491350347,False
0.006,7,6,0.15259999999999999,0.6827000000000001,0.12265985346649282,66.20490238143402,3.409891143593781e-06,8.189137503248045e-06,0.23544000000000342,0.0,5,0.012610284578012849,False
0.006,7,6,0.15410000000000001,0.6768,0.11145012323751642,60.791088662137625,3.325686372689479e-06,7.986912742682453e-06,0.23544000000000342,0.0,5,0.012762392501749622,False
0.006,7,6,0.1583,0.6685000000000001,0.105359137559918,58.06745253943609,9.393589446557199e-07,2.255948725096268e-06,0.23544000000000342,0.0,5,0.011245024650412225,False
0.006,7,6,0.2482,0.7260000000000001,0.10100818951169202,56.24057147001414,1.0614699255545406e-06,2.5492084163391847e-06,0.23544000000000342,0.0,5,0.01106497696379974,False
0.006,7,6,0.16360000000000002,0.6488,0.09692255933013345,54.51091805609315,1.0754243684413488e-06,2.582721180273713e-06,0.23544000000000342,0.0,5,0.011195935178519538,False
0.006,7,6,0.15109999999999998,0.7223999999999999,0.09307239213946218,52.86639629545133,1.080953645401253e-06,2.5960002079088496e-06,0.23544000000000342,0.0,5,0.01127933165442408,False
0.006,7,6,0.1485,0.654,0.08945819006976301,51.311606057424044,1.1021745145970787e-06,2.646963901245168e-06,0.23544000000000342,0.0,5,0.011290390517383465,False
0.006,7,6,0.1495,0.6635,0.08609852266443252,49.86156767062057,1.116467763351522e-06,2.6812903372776863e-06,0.23544000000000342,0.0,5,0.011305998526505292,False
0.006,7,6,0.1554,0.6546000000000001,0.08300781439148651,48.529295011724116,1.1252762477919775e-06,2.702444651305249e-06,0.23544000000000342,0.0,5,0.011317559971659702,False
0.006,7,6,0.16019999999999998,0.6666000000000001,0.08017402874513825,47.3124403493609,1.1343027230834917e-06,2.724122482973898e-06,0.23544000000000342,0.0,5,0.011324116414625163,False
0.006,7,6,0.15569999999999998,0.6586,0.07759573301258724,46.21453793216433,1.1404309463508325e-06,2.7388399225616444e-06,0.23544000000000342,0.0,5,0.011334292972413887,False
0.006,7,6,0.1628,0.664,0.07527186753004547,45.239352021498846,1.1439246210465415e-06,2.747230274570331e-06,0.23544000000000342,0.0,5,0.011347798987438023,False
0.006,7,6,0.15259999999999999,0.6814000000000001,0.073316193125253,44.460220170566195,9.417005803304369e-07,2.26157239500937e-06,0.23544000000000342,0.0,5,0.011106185463349506,False
0.006,7,6,0.1515,0.6744,0.07177602481568929,43.9122313515784,7.638505431111053e-07,1.834450715027895e-06,0.23544000000000342,0.0,5,0.010522422561630454,False
0.006,7,6,0.1595,0.27709999999999996,0.07048281957892132,43.49821013134808,7.563234229746557e-07,1.816373709700058e-06,0.23544000000000342,0.0,2,0.009961185239319246,True
0.006,7,6,0.17,0.31479999999999997,0.06934676849151424,43.16633355037954,8.232820504477326e-07,1.9771804327402903e-06,0.23544000000000342,0.0,2,0.009301876212015444,True
0.006,7,6,0.192,0.28240000000000004,0.06832389685585008,42.89160838909181,8.824816562584239e-07,2.1193532189771646e-06,0.23544000000000342,0.0,2,0.008839697975408586,True
0.006,7,6,0.1526,0.3328,0.06736865232626231,42.64708968035963,9.470514157792273e-07,2.274422876878819e-06,0.23544000000000342,0.0,2,0.008624889868415406,True
0.006,7,6,0.1521,0.26639999999999997,0.06645975057328862,42.42034800351121,9.781811237094136e-07,2.349183464990834e-06,0.23544000000000342,0.0,2,0.008405843632133623,True
0.006,7,6,0.153,0.2689,0.0655862607101772,42.20516074168542,1.0099278047638733e-06,2.4254257655334498e-06,0.23544000000000342,0.0,2,0.008226422513776803,True
0.006,7,6,0.1513,0.2706,0.06473935361326888,41.99643369629296,1.048646427777357e-06,2.518411765638131e-06,0.23544000000000342,0.0,2,0.008089748553264393,True
0.006,7,6,0.154,0.27859999999999996,0.06391295145879977,41.79068219098266,1.084040784706009e-06,2.603414264069308e-06,0.23544000000000342,0.0,2,0.00798173341032652,True
0.006,7,6,0.1575,0.2804,0.06310407007268772,41.58632565302401,1.1139798104142591e-06,2.6753153318916625e-06,0.23544000000000342,0.0,2,0.007893385881057606,True
0.006,7,6,0.1601,0.27530000000000004,0.06231149020536502,41.3829025534016,1.1382524967436352e-06,2.733608213563001e-06,0.23544000000000342,0.0,2,0.007818927902607927,True
0.006,7,6,0.15860000000000002,0.2727,0.0615344038926798,41.18019338320216,1.1568541318255768e-06,2.7782815932233873e-06,0.23544000000000342,0.0,2,0.0077546514140504775,True
0.006,7,6,0.1589,0.285,0.060771818373102936,40.97783352031968,1.1732231736796539e-06,2.817593214302659e-06,0.23544000000000342,0.0,2,0.00770022799541361,True
0.006,7,6,0.15460000000000002,0.268,0.060023783619877105,40.776143908116424,1.1873229615493924e-06,2.851455032916811e-06,0.23544000000000342,0.0,2,0.007649814698236844,True
